run_name,target,window,feature_type,covariates,n_subjects,n_candidate_predictors,n_selected_per_split,predictors,n_iter,alpha_mean,alpha_std,r2_mean,r2_std,r2_ci_lower,r2_ci_upper,rmse_mean,rmse_std,rmse_ci_lower,rmse_ci_upper,mae_mean,mae_std,mae_ci_lower,mae_ci_upper,rho_mean,rho_std,rho_ci_lower,rho_ci_upper,frac_r2_below_zero
W150_raw_all,MOT,T6W150,raw,,252,14,14,"nodes_T6W150, edges_T6W150, re_T6W150, pe_T6W150, l1_T6W150, l2_T6W150, l3_T6W150, lcc_T6W150, lsc_T6W150, atd_T6W150, density_T6W150, diameter_T6W150, asp_T6W150, cc_T6W150",400,996.7698428800893,47.53824205498305,-0.002512002354450766,0.022834062734982785,-0.004756507714824391,-0.0002674969940771421,7.790580846661714,0.4896312140228158,7.742451878232598,7.838709815090831,6.663328323056817,0.379922093154523,6.625983362394023,6.700673283719611,0.057233294558823096,0.174958970060823,0.040035463813384284,0.07443112530426191,0.52
W150_raw_all,COG,T6W150,raw,,252,14,14,"nodes_T6W150, edges_T6W150, re_T6W150, pe_T6W150, l1_T6W150, l2_T6W150, l3_T6W150, lcc_T6W150, lsc_T6W150, atd_T6W150, density_T6W150, diameter_T6W150, asp_T6W150, cc_T6W150",400,792.0432209219049,325.36460011016555,-0.0072021450701015895,0.054440063233035234,-0.012553405385175728,-0.0018508847550274508,2.171734388953054,0.27269535155184155,2.1449294271987287,2.1985393507073794,1.686969173351396,0.1870552188923228,1.6685823253181524,1.7053560213846397,0.12197088922900452,0.19333207149060652,0.102967049402989,0.14097472905502006,0.4525
W150_raw_all,MOT_V4,T6W150,raw,,252,14,14,"nodes_T6W150, edges_T6W150, re_T6W150, pe_T6W150, l1_T6W150, l2_T6W150, l3_T6W150, lcc_T6W150, lsc_T6W150, atd_T6W150, density_T6W150, diameter_T6W150, asp_T6W150, cc_T6W150",400,867.5691859303766,271.16229383378,-0.00802025589129805,0.04347455326463334,-0.012293646438343499,-0.0037468653442526015,3.471225944478814,0.263860231613372,3.445289442896977,3.4971624460606505,2.8838176869759438,0.17568085128839492,2.86654889793002,2.9010864760218675,0.11002683557273547,0.19793116836253447,0.09057092124286456,0.1294827499026064,0.485
W150_raw_all,COG_V1,T6W150,raw,,252,14,14,"nodes_T6W150, edges_T6W150, re_T6W150, pe_T6W150, l1_T6W150, l2_T6W150, l3_T6W150, lcc_T6W150, lsc_T6W150, atd_T6W150, density_T6W150, diameter_T6W150, asp_T6W150, cc_T6W150",400,852.9754932940402,287.9486983296843,-0.01052460463875851,0.058768554395910985,-0.016301339900195135,-0.004747869377321883,1.3415811436174596,0.11578972595400075,1.330199434475451,1.3529628527594681,1.0393496039195194,0.08145355504758992,1.0313430155586267,1.047356192280412,0.10271352427712845,0.18665208103778969,0.08436630322949709,0.1210607453247598,0.4625
W150_raw_top5,MOT,T6W150,raw,,252,14,5,"nodes_T6W150, edges_T6W150, re_T6W150, pe_T6W150, l1_T6W150, l2_T6W150, l3_T6W150, lcc_T6W150, lsc_T6W150, atd_T6W150, density_T6W150, diameter_T6W150, asp_T6W150, cc_T6W150",400,791.7437886814863,281.7621070191618,-0.0032339932091407842,0.02655300292043298,-0.005844056870638088,-0.0006239295476434801,7.793251941165624,0.4929831452991477,7.744793490076998,7.84171039225425,6.666519174272269,0.38282248084209436,6.628889116043288,6.7041492325012495,0.06989400900673821,0.18030024388482402,0.05217115046101983,0.0876168675524566,0.51
W150_raw_top5,COG,T6W150,raw,,252,14,5,"nodes_T6W150, edges_T6W150, re_T6W150, pe_T6W150, l1_T6W150, l2_T6W150, l3_T6W150, lcc_T6W150, lsc_T6W150, atd_T6W150, density_T6W150, diameter_T6W150, asp_T6W150, cc_T6W150",400,262.3801639009343,284.73624828355514,-0.007412964724574108,0.06182708176141902,-0.013490342107669397,-0.00133558734147882,2.172045788000395,0.2772834063189137,2.1447898371409813,2.1993017388598086,1.6908534043858707,0.19384149595350572,1.671799489987014,1.7099073187847273,0.11905484168988231,0.19131052933744222,0.10024971210880479,0.13785997127095984,0.49
W150_raw_top5,MOT_V4,T6W150,raw,,252,14,5,"nodes_T6W150, edges_T6W150, re_T6W150, pe_T6W150, l1_T6W150, l2_T6W150, l3_T6W150, lcc_T6W150, lsc_T6W150, atd_T6W150, density_T6W150, diameter_T6W150, asp_T6W150, cc_T6W150",400,496.02116124556005,345.01890892508544,-0.013449167966086887,0.05290393800583946,-0.018649432755456184,-0.00824890317671759,3.4804062956919735,0.27169867480478704,3.45369930363876,3.5071132877451867,2.890464128395554,0.182674211870289,2.8725079174267223,2.9084203393643855,0.09860933665434098,0.20086705986044912,0.07886483486278945,0.1183538384458925,0.535
W150_raw_top5,COG_V1,T6W150,raw,,252,14,5,"nodes_T6W150, edges_T6W150, re_T6W150, pe_T6W150, l1_T6W150, l2_T6W150, l3_T6W150, lcc_T6W150, lsc_T6W150, atd_T6W150, density_T6W150, diameter_T6W150, asp_T6W150, cc_T6W150",400,567.3488809046755,353.38333955309594,-0.015003907860371873,0.07113693030549122,-0.0219964095121512,-0.008011406208592545,1.3441786945718952,0.11684923108142428,1.3326928399273783,1.355664549216412,1.0428091260095962,0.08143707103058227,1.0348041579676528,1.0508140940515396,0.10717393471814081,0.1832077317535424,0.08916528068423882,0.1251825887520428,0.42
W150_z_all,MOT,T6W150,z,,252,14,14,"z_nodes_T6W150, z_edges_T6W150, z_re_T6W150, z_pe_T6W150, z_l1_T6W150, z_l2_T6W150, z_l3_T6W150, z_lcc_T6W150, z_lsc_T6W150, z_atd_T6W150, z_density_T6W150, z_diameter_T6W150, z_asp_T6W150, z_cc_T6W150",400,1000.0,0.0,-0.011521075448257834,0.011329425138819718,-0.012634716754632729,-0.01040743414188294,7.825664796127075,0.4818436199700539,7.778301319883853,7.873028272370298,6.708517059227569,0.3654063168272804,6.672598946609936,6.744435171845202,-0.1521729307619023,0.1753522051884257,-0.16940941509089458,-0.13493644643291003,0.865
W150_z_all,COG,T6W150,z,,252,14,14,"z_nodes_T6W150, z_edges_T6W150, z_re_T6W150, z_pe_T6W150, z_l1_T6W150, z_l2_T6W150, z_l3_T6W150, z_lcc_T6W150, z_lsc_T6W150, z_atd_T6W150, z_density_T6W150, z_diameter_T6W150, z_asp_T6W150, z_cc_T6W150",400,602.721254090486,375.2625521776729,-0.020334714519939796,0.06102834767673587,-0.026333579246072034,-0.014335849793807557,2.1852581529338364,0.27146823703578504,2.1585738120756277,2.211942493792045,1.6974917016308426,0.18874151222933158,1.6789390970925913,1.716044306169094,0.03208830982038661,0.18921564319046405,0.013489099932218637,0.050687519708554576,0.5875
W150_z_all,MOT_V4,T6W150,z,,252,14,14,"z_nodes_T6W150, z_edges_T6W150, z_re_T6W150, z_pe_T6W150, z_l1_T6W150, z_l2_T6W150, z_l3_T6W150, z_lcc_T6W150, z_lsc_T6W150, z_atd_T6W150, z_density_T6W150, z_diameter_T6W150, z_asp_T6W150, z_cc_T6W150",400,971.5929962671213,153.6355809466274,-0.014743031555508091,0.028240472475647524,-0.017518967339986983,-0.0119670957710292,3.4834990283801797,0.2617173448066703,3.457773164781611,3.5092248919787483,2.9137319718900905,0.17092824892368985,2.8969303463799383,2.9305335974002427,-0.05875786392711854,0.19073569714103708,-0.07750648959292171,-0.040009238261315375,0.7975
W150_z_all,COG_V1,T6W150,z,,252,14,14,"z_nodes_T6W150, z_edges_T6W150, z_re_T6W150, z_pe_T6W150, z_l1_T6W150, z_l2_T6W150, z_l3_T6W150, z_lcc_T6W150, z_lsc_T6W150, z_atd_T6W150, z_density_T6W150, z_diameter_T6W150, z_asp_T6W150, z_cc_T6W150",400,922.4343140259426,210.14743662072357,-0.008489335511523843,0.02293551107821684,-0.010743812875251956,-0.00623485814779573,1.3404537946732407,0.10738517306774133,1.3298982225276876,1.3510093668187937,1.0373608746642164,0.07456055107647677,1.030031843536209,1.0446899057922239,0.0311024566904973,0.1835638592875033,0.013058796614603168,0.049146116766391426,0.6225
W150_z_top5,MOT,T6W150,z,,252,14,5,"z_nodes_T6W150, z_edges_T6W150, z_re_T6W150, z_pe_T6W150, z_l1_T6W150, z_l2_T6W150, z_l3_T6W150, z_lcc_T6W150, z_lsc_T6W150, z_atd_T6W150, z_density_T6W150, z_diameter_T6W150, z_asp_T6W150, z_cc_T6W150",400,959.5877495644318,140.39545938866385,-0.011376948933036042,0.014129741663212665,-0.012765851174037057,-0.009988046692035027,7.825065362521261,0.4832439646288495,7.777564237488617,7.872566487553906,6.709589080097601,0.36747841298377004,6.6734672879602766,6.745710872234925,-0.1426732984502942,0.17443423206750516,-0.1598195493585195,-0.1255270475420689,0.86
W150_z_top5,COG,T6W150,z,,252,14,5,"z_nodes_T6W150, z_edges_T6W150, z_re_T6W150, z_pe_T6W150, z_l1_T6W150, z_l2_T6W150, z_l3_T6W150, z_lcc_T6W150, z_lsc_T6W150, z_atd_T6W150, z_density_T6W150, z_diameter_T6W150, z_asp_T6W150, z_cc_T6W150",400,236.08947891940733,232.07360178240413,-0.01686605717931016,0.060939449937089205,-0.022856183580796545,-0.010875930777823775,2.1818015452317803,0.2746169263790186,2.15480769965726,2.2087953908063005,1.7003843756925638,0.1940109034776319,1.6813138091499165,1.7194549422352112,0.04965953391161262,0.18816724323932463,0.031163377927494,0.06815568989573123,0.56
W150_z_top5,MOT_V4,T6W150,z,,252,14,5,"z_nodes_T6W150, z_edges_T6W150, z_re_T6W150, z_pe_T6W150, z_l1_T6W150, z_l2_T6W150, z_l3_T6W150, z_lcc_T6W150, z_lsc_T6W150, z_atd_T6W150, z_density_T6W150, z_diameter_T6W150, z_asp_T6W150, z_cc_T6W150",400,757.3134435983421,351.53464177605355,-0.020085622993445032,0.031185838816003366,-0.02315107758217353,-0.017020168404716533,3.492587109514015,0.2635449715449391,3.466681596850871,3.5184926221771593,2.9190458190884,0.1727367219893444,2.9020664272500625,2.9360252109267373,-0.05742574729925495,0.1936635710993115,-0.0764621723317375,-0.038389322266772406,0.8175
W150_z_top5,COG_V1,T6W150,z,,252,14,5,"z_nodes_T6W150, z_edges_T6W150, z_re_T6W150, z_pe_T6W150, z_l1_T6W150, z_l2_T6W150, z_l3_T6W150, z_lcc_T6W150, z_lsc_T6W150, z_atd_T6W150, z_density_T6W150, z_diameter_T6W150, z_asp_T6W150, z_cc_T6W150",400,579.7451930188204,359.08637271818935,-0.01391272949715223,0.03587508514914262,-0.017439119954061496,-0.010386339040242963,1.3438967748532447,0.10866862583200011,1.3332150439665775,1.3545785057399118,1.0434378876959236,0.07622436240486084,1.0359453099626295,1.0509304654292178,0.030312448870408043,0.18837800846575453,0.011795575430705953,0.04882932231011013,0.6225
W200_raw_all,MOT,T6W200,raw,,248,14,14,"nodes_T6W200, edges_T6W200, re_T6W200, pe_T6W200, l1_T6W200, l2_T6W200, l3_T6W200, lcc_T6W200, lsc_T6W200, atd_T6W200, density_T6W200, diameter_T6W200, asp_T6W200, cc_T6W200",400,996.5916960858763,39.207841994933645,-0.008639032120444222,0.025455257577125887,-0.011141191405222654,-0.00613687283566579,7.741470346754642,0.5065113043820004,7.691682126805789,7.791258566703496,6.558598435590741,0.38460333805920965,6.520793325571097,6.596403545610386,0.04115212901585709,0.19372472960629236,0.02210969232446197,0.06019456570725221,0.605
W200_raw_all,COG,T6W200,raw,,248,14,14,"nodes_T6W200, edges_T6W200, re_T6W200, pe_T6W200, l1_T6W200, l2_T6W200, l3_T6W200, lcc_T6W200, lsc_T6W200, atd_T6W200, density_T6W200, diameter_T6W200, asp_T6W200, cc_T6W200",400,920.1327580289039,221.14746952128215,-0.0007243056387373462,0.03872226173363126,-0.004530563203834263,0.003081951926359571,2.2085748495951827,0.22347090374020212,2.186608472119834,2.2305412270705314,1.7133830289706582,0.14481273554330604,1.6991484634905802,1.7276175944507361,0.13161574477233726,0.19347824310460535,0.11259753680802927,0.15063395273664526,0.41
W200_raw_all,MOT_V4,T6W200,raw,,248,14,14,"nodes_T6W200, edges_T6W200, re_T6W200, pe_T6W200, l1_T6W200, l2_T6W200, l3_T6W200, lcc_T6W200, lsc_T6W200, atd_T6W200, density_T6W200, diameter_T6W200, asp_T6W200, cc_T6W200",400,894.1550172540642,238.72046799901477,-0.0054300756916717385,0.03747169000406966,-0.009113406601836049,-0.001746744781507428,3.5145997387880605,0.27510143287646316,3.4875582679861212,3.54164120959,2.9227312874382028,0.1868810705243198,2.904361557556469,2.9411010173199363,0.09946284037947599,0.18854650240131463,0.08092940459841816,0.11799627616053382,0.4925
W200_raw_all,COG_V1,T6W200,raw,,248,14,14,"nodes_T6W200, edges_T6W200, re_T6W200, pe_T6W200, l1_T6W200, l2_T6W200, l3_T6W200, lcc_T6W200, lsc_T6W200, atd_T6W200, density_T6W200, diameter_T6W200, asp_T6W200, cc_T6W200",400,811.7098086073725,318.2332492878444,-0.016713433512132673,0.06275890476697024,-0.02288240570930697,-0.010544461314958377,1.3523989412434678,0.12049080812949525,1.3405551328130008,1.3642427496739349,1.0437416730638487,0.08986450780723507,1.0349083186222117,1.0525750275054857,0.09597076670568323,0.17968036227087097,0.07830884026922035,0.11363269314214612,0.5475
W200_raw_top5,MOT,T6W200,raw,,248,14,5,"nodes_T6W200, edges_T6W200, re_T6W200, pe_T6W200, l1_T6W200, l2_T6W200, l3_T6W200, lcc_T6W200, lsc_T6W200, atd_T6W200, density_T6W200, diameter_T6W200, asp_T6W200, cc_T6W200",400,816.2986926630689,272.53606564795376,-0.010829850664375543,0.028065868096646497,-0.013588623473121161,-0.008071077855629924,7.750127668735654,0.5147881296553086,7.699525866950383,7.800729470520926,6.567705016425081,0.39144649054794467,6.529227249392049,6.606182783458113,0.03983652788940467,0.19147225044512584,0.021015501711331066,0.058657554067478274,0.62
W200_raw_top5,COG,T6W200,raw,,248,14,5,"nodes_T6W200, edges_T6W200, re_T6W200, pe_T6W200, l1_T6W200, l2_T6W200, l3_T6W200, lcc_T6W200, lsc_T6W200, atd_T6W200, density_T6W200, diameter_T6W200, asp_T6W200, cc_T6W200",400,406.6940751557918,358.2037673928083,-0.005632522571331589,0.05592397564709669,-0.01112964608238369,-0.0001353990602794876,2.2135842375150685,0.22793039116089717,2.1911795086374117,2.2359889663927253,1.7187449466852882,0.1508758161326665,1.7039144024238106,1.7335754909467658,0.1342609169147259,0.19241068203774317,0.11534764632248823,0.15317418750696354,0.405
W200_raw_top5,MOT_V4,T6W200,raw,,248,14,5,"nodes_T6W200, edges_T6W200, re_T6W200, pe_T6W200, l1_T6W200, l2_T6W200, l3_T6W200, lcc_T6W200, lsc_T6W200, atd_T6W200, density_T6W200, diameter_T6W200, asp_T6W200, cc_T6W200",400,535.7030047402799,348.77028064682946,-0.0073769799778646275,0.0397513822161896,-0.01128439634533418,-0.003469563610395074,3.518040166366361,0.2777667247756621,3.4907367070596105,3.545343625673112,2.924545199596224,0.19003789408006622,2.905865165434658,2.9432252337577904,0.09456170153881135,0.19246413811407914,0.07564317640859362,0.11348022666902909,0.5225
W200_raw_top5,COG_V1,T6W200,raw,,248,14,5,"nodes_T6W200, edges_T6W200, re_T6W200, pe_T6W200, l1_T6W200, l2_T6W200, l3_T6W200, lcc_T6W200, lsc_T6W200, atd_T6W200, density_T6W200, diameter_T6W200, asp_T6W200, cc_T6W200",400,529.9007850733633,346.6203717802211,-0.016923985714379045,0.07030934570107153,-0.023835138807982745,-0.010012832620775344,1.3524036500320815,0.12232837313671131,1.3403792156413288,1.3644280844228343,1.0449810211008521,0.0888081919689867,1.0362514986661915,1.0537105435355127,0.10418075841735615,0.1757941721051294,0.08690083034709178,0.12146068648762051,0.495
W30_raw_all,MOT,T6W30,raw,,252,13,13,"nodes_T6W30, edges_T6W30, re_T6W30, pe_T6W30, l1_T6W30, l2_T6W30, l3_T6W30, lcc_T6W30, lsc_T6W30, atd_T6W30, density_T6W30, diameter_T6W30, asp_T6W30",400,989.6715678925684,73.87589771175254,-0.00016061499763453724,0.027865581316183663,-0.002899700343943957,0.002578470348674882,7.78084981156984,0.48754649075462186,7.732925763859592,7.828773859280087,6.638724138175856,0.3839893676563744,6.600979379214903,6.67646889713681,0.08554842317534385,0.1880592095559506,0.06706288650957642,0.10403395984111127,0.435
W30_raw_all,COG,T6W30,raw,,252,13,13,"nodes_T6W30, edges_T6W30, re_T6W30, pe_T6W30, l1_T6W30, l2_T6W30, l3_T6W30, lcc_T6W30, lsc_T6W30, atd_T6W30, density_T6W30, diameter_T6W30, asp_T6W30",400,549.328489136962,392.27607949264575,-0.013682920069325602,0.07622449088109826,-0.021175510431366774,-0.006190329707284431,2.1773153670665364,0.27366520366768954,2.1504150723748334,2.2042156617582394,1.6998904555976138,0.1895149257056871,1.6812618273261524,1.7185190838690751,0.11321585224749299,0.2018679123739093,0.09337297029217134,0.13305873420281464,0.4875
W30_raw_all,MOT_V4,T6W30,raw,,252,13,13,"nodes_T6W30, edges_T6W30, re_T6W30, pe_T6W30, l1_T6W30, l2_T6W30, l3_T6W30, lcc_T6W30, lsc_T6W30, atd_T6W30, density_T6W30, diameter_T6W30, asp_T6W30",400,891.6102945017041,228.96878814989805,-0.0029678231776652376,0.04433118902316614,-0.007325417905728762,0.001389771550398287,3.4627510998699815,0.26675755835533693,3.4365298016017833,3.4889723981381797,2.873579684840405,0.17793371189554255,2.8560894477864065,2.891069921894404,0.11489603393212967,0.19182619793864572,0.09604021600211439,0.13375185186214494,0.4325
W30_raw_all,COG_V1,T6W30,raw,,252,13,13,"nodes_T6W30, edges_T6W30, re_T6W30, pe_T6W30, l1_T6W30, l2_T6W30, l3_T6W30, lcc_T6W30, lsc_T6W30, atd_T6W30, density_T6W30, diameter_T6W30, asp_T6W30",400,843.9359132038735,307.8606223479253,-0.021140478014836938,0.0794660173284859,-0.028951698643046548,-0.013329257386627328,1.348122996602063,0.11962855434736014,1.3363639445839115,1.3598820486202143,1.039960950062076,0.08564419537774265,1.0315424369905617,1.04837946313359,0.09003759218988763,0.19394795741642698,0.07097321301623491,0.10910197136354036,0.4925
W30_raw_top5,MOT,T6W30,raw,,252,13,5,"nodes_T6W30, edges_T6W30, re_T6W30, pe_T6W30, l1_T6W30, l2_T6W30, l3_T6W30, lcc_T6W30, lsc_T6W30, atd_T6W30, density_T6W30, diameter_T6W30, asp_T6W30",400,622.5409341146348,321.89392537324983,-0.0042065871475643005,0.03494605596891138,-0.007641657413267387,-0.0007715168818612137,7.7960701030713695,0.49352486538438023,7.747558402867628,7.844581803275111,6.6456255084532225,0.39421784717612696,6.606875327138087,6.684375689768358,0.07927644505663756,0.18941503529161627,0.06065763564975728,0.09789525446351784,0.4675
W30_raw_top5,COG,T6W30,raw,,252,13,5,"nodes_T6W30, edges_T6W30, re_T6W30, pe_T6W30, l1_T6W30, l2_T6W30, l3_T6W30, lcc_T6W30, lsc_T6W30, atd_T6W30, density_T6W30, diameter_T6W30, asp_T6W30",400,148.69946082329315,192.00707599893474,0.003277666389424533,0.07656862881594281,-0.004248751480600275,0.01080408425944934,2.1584504051951114,0.2682307730497976,2.132084295277884,2.184816515112339,1.6914857370181926,0.18661504859562497,1.6731421561250055,1.7098293179113797,0.14118900898459358,0.19368196173581448,0.1221507762193965,0.16022724174979064,0.43
W30_raw_top5,MOT_V4,T6W30,raw,,252,13,5,"nodes_T6W30, edges_T6W30, re_T6W30, pe_T6W30, l1_T6W30, l2_T6W30, l3_T6W30, lcc_T6W30, lsc_T6W30, atd_T6W30, density_T6W30, diameter_T6W30, asp_T6W30",400,474.66632377016765,287.7869923949802,-0.004220420899572947,0.04965007379872475,-0.009100842665842906,0.000660000866697011,3.4648598344328807,0.2717445493428758,3.438148333079337,3.4915713357864244,2.8722806537709227,0.1830223056112685,2.8542902264527443,2.890271081089101,0.11939075684362,0.19099080559941195,0.10061705494372986,0.13816445874351013,0.465
W30_raw_top5,COG_V1,T6W30,raw,,252,13,5,"nodes_T6W30, edges_T6W30, re_T6W30, pe_T6W30, l1_T6W30, l2_T6W30, l3_T6W30, lcc_T6W30, lsc_T6W30, atd_T6W30, density_T6W30, diameter_T6W30, asp_T6W30",400,611.1585930600671,384.3589605526343,-0.02072188626936246,0.07490106157704113,-0.02808438834175026,-0.013359384196974664,1.3478282110552693,0.11752918895686447,1.3362755190233822,1.3593809030871564,1.04059362911909,0.08306676206567046,1.0324284683726568,1.0487587898655233,0.10451489040899788,0.198349675073342,0.08501783839081184,0.12401194242718391,0.47
W30_z_all,MOT,T6W30,z,,252,13,13,"z_nodes_T6W30, z_edges_T6W30, z_re_T6W30, z_pe_T6W30, z_l1_T6W30, z_l2_T6W30, z_l3_T6W30, z_lcc_T6W30, z_lsc_T6W30, z_atd_T6W30, z_density_T6W30, z_diameter_T6W30, z_asp_T6W30",400,931.5118095502969,224.95658554440845,-0.011279849550752688,0.02979765953462638,-0.014208851162436644,-0.008350847939068732,7.823756940513776,0.4880497764685736,7.775783421647393,7.871730459380158,6.707710237823369,0.3700848080767133,6.671332246523186,6.744088229123551,-0.005315588823910779,0.18352449738820698,-0.023355379768192613,0.012724202120371054,0.665
W30_z_all,COG,T6W30,z,,252,13,13,"z_nodes_T6W30, z_edges_T6W30, z_re_T6W30, z_pe_T6W30, z_l1_T6W30, z_l2_T6W30, z_l3_T6W30, z_lcc_T6W30, z_lsc_T6W30, z_atd_T6W30, z_density_T6W30, z_diameter_T6W30, z_asp_T6W30",400,224.65098453456227,297.788409304927,-0.012520091209703703,0.07673336476773411,-0.02006270202494081,-0.004977480394466594,2.1750520862376805,0.2650713902958493,2.148996532160165,2.201107640315196,1.7017741952395944,0.1933253715871754,1.6827710139897307,1.720777376489458,0.10021985751087317,0.1780379158271647,0.0827193775891988,0.11772033743254755,0.4975
W30_z_all,MOT_V4,T6W30,z,,252,13,13,"z_nodes_T6W30, z_edges_T6W30, z_re_T6W30, z_pe_T6W30, z_l1_T6W30, z_l2_T6W30, z_l3_T6W30, z_lcc_T6W30, z_lsc_T6W30, z_atd_T6W30, z_density_T6W30, z_diameter_T6W30, z_asp_T6W30",400,862.2329733276792,295.0733227067972,-0.013607383892070581,0.022976464517725056,-0.015865886830028247,-0.011348880954112916,3.481633378493194,0.25998354754294933,3.4560779408629427,3.5071888161234455,2.9060458326995002,0.16790672165439466,2.889541212336052,2.9225504530629483,0.00554000629136751,0.17706435250977443,-0.011864775895308623,0.022944788478043644,0.72
W30_z_all,COG_V1,T6W30,z,,252,13,13,"z_nodes_T6W30, z_edges_T6W30, z_re_T6W30, z_pe_T6W30, z_l1_T6W30, z_l2_T6W30, z_l3_T6W30, z_lcc_T6W30, z_lsc_T6W30, z_atd_T6W30, z_density_T6W30, z_diameter_T6W30, z_asp_T6W30",400,806.722249823494,284.67060409950636,-0.006719267225968798,0.03787377656755749,-0.010442121783657296,-0.0029964126682802995,1.3389184529227414,0.1065042092574203,1.3284494763172598,1.3493874295282229,1.0371925466303948,0.07603663076226615,1.029718422235125,1.0446666710256647,0.0929034195268152,0.20048370688506822,0.07319659993917736,0.11261023911445305,0.4625
W30_z_top5,MOT,T6W30,z,,252,13,5,"z_nodes_T6W30, z_edges_T6W30, z_re_T6W30, z_pe_T6W30, z_l1_T6W30, z_l2_T6W30, z_l3_T6W30, z_lcc_T6W30, z_lsc_T6W30, z_atd_T6W30, z_density_T6W30, z_diameter_T6W30, z_asp_T6W30",400,737.2572550937757,366.11581400861786,-0.014112933548340312,0.031145169056360365,-0.017174390447538775,-0.011051476649141849,7.834547343222109,0.4889013712020403,7.786490115689147,7.882604570755071,6.718332652037755,0.3772540581781077,6.681249949514291,6.755415354561218,-0.009508751223075186,0.18309992700610958,-0.02750680844219678,0.008489305996046408,0.6875
W30_z_top5,COG,T6W30,z,,252,13,5,"z_nodes_T6W30, z_edges_T6W30, z_re_T6W30, z_pe_T6W30, z_l1_T6W30, z_l2_T6W30, z_l3_T6W30, z_lcc_T6W30, z_lsc_T6W30, z_atd_T6W30, z_density_T6W30, z_diameter_T6W30, z_asp_T6W30",400,172.83086027502821,177.27353045292176,-0.006810043592179995,0.06799759315375943,-0.013493959814074922,-0.00012612737028506842,2.169252517674384,0.2627252718540336,2.14342757851108,2.195077456837688,1.700441759444307,0.18967895175266788,1.6817970080086957,1.7190865108799185,0.10173367135422247,0.18369800947203782,0.08367682480285188,0.11979051790559306,0.47
W30_z_top5,MOT_V4,T6W30,z,,252,13,5,"z_nodes_T6W30, z_edges_T6W30, z_re_T6W30, z_pe_T6W30, z_l1_T6W30, z_l2_T6W30, z_l3_T6W30, z_lcc_T6W30, z_lsc_T6W30, z_atd_T6W30, z_density_T6W30, z_diameter_T6W30, z_asp_T6W30",400,550.0155953397262,411.3222767983083,-0.01781804378236202,0.03538217962036043,-0.021295983417604126,-0.014340104147119916,3.4883818507852093,0.2616156334731884,3.4626659850409807,3.514097716529438,2.907850183205552,0.1717580109878896,2.890966995100843,2.9247333713102606,0.015311399370545481,0.1832684671373261,-0.002703224730796946,0.03332602347188791,0.7
W30_z_top5,COG_V1,T6W30,z,,252,13,5,"z_nodes_T6W30, z_edges_T6W30, z_re_T6W30, z_pe_T6W30, z_l1_T6W30, z_l2_T6W30, z_l3_T6W30, z_lcc_T6W30, z_lsc_T6W30, z_atd_T6W30, z_density_T6W30, z_diameter_T6W30, z_asp_T6W30",400,548.4464380507762,344.8421385844097,-0.012231621886610453,0.05189971507839767,-0.01733317521276738,-0.007130068560453526,1.3421563157587628,0.10572565692310841,1.3317638680175476,1.352548763499978,1.0417621792226768,0.07661405525615686,1.0342312960987132,1.0492930623466403,0.08331622664127485,0.198823595316359,0.06377258998599698,0.10285986329655271,0.475
W40_raw_all,MOT,T6W40,raw,,252,13,13,"nodes_T6W40, edges_T6W40, re_T6W40, pe_T6W40, l1_T6W40, l2_T6W40, l3_T6W40, lcc_T6W40, lsc_T6W40, atd_T6W40, density_T6W40, diameter_T6W40, asp_T6W40",400,993.6996826415764,57.08553982633685,-0.0011408019667411007,0.026849606105633386,-0.0037800206431305326,0.0014984167096483312,7.784863840846917,0.48923338284717016,7.736773977776169,7.832953703917665,6.644492091407983,0.3845168551830631,6.606695482340681,6.682288700475285,0.07614028318562566,0.18552366801659947,0.05790398103596582,0.09437658533528549,0.445
W40_raw_all,COG,T6W40,raw,,252,13,13,"nodes_T6W40, edges_T6W40, re_T6W40, pe_T6W40, l1_T6W40, l2_T6W40, l3_T6W40, lcc_T6W40, lsc_T6W40, atd_T6W40, density_T6W40, diameter_T6W40, asp_T6W40",400,479.12807063468006,413.9775428505562,-0.016707354040988075,0.08809988996115838,-0.02536725296310144,-0.008047455118874709,2.179995666589168,0.276112376488384,2.1528548237051632,2.207136509473173,1.6992933062823334,0.1919642314126235,1.680423920163606,1.718162692401061,0.1199834308849272,0.19738286529896173,0.10058141275301202,0.13938544901684238,0.4725
W40_raw_all,MOT_V4,T6W40,raw,,252,13,13,"nodes_T6W40, edges_T6W40, re_T6W40, pe_T6W40, l1_T6W40, l2_T6W40, l3_T6W40, lcc_T6W40, lsc_T6W40, atd_T6W40, density_T6W40, diameter_T6W40, asp_T6W40",400,907.7499985178479,217.42112795338937,-0.003439056465261296,0.04290328227802859,-0.007656293151010047,0.0007781802204874554,3.46368998574852,0.2671683306096683,3.437428310060962,3.4899516614360784,2.8745390300345908,0.17798600675137022,2.8570436525863667,2.892034407482815,0.10984726328343555,0.1977178071822132,0.09041232158197882,0.1292822049848923,0.445
W40_raw_all,COG_V1,T6W40,raw,,252,13,13,"nodes_T6W40, edges_T6W40, re_T6W40, pe_T6W40, l1_T6W40, l2_T6W40, l3_T6W40, lcc_T6W40, lsc_T6W40, atd_T6W40, density_T6W40, diameter_T6W40, asp_T6W40",400,660.4303138420917,453.829421929369,-0.045501260821403926,0.11077940723266602,-0.05639047384663559,-0.03461204779617226,1.3624054714162201,0.11918496990062086,1.3506900221366631,1.3741209206957772,1.0574435690109898,0.09083790526928176,1.048514533137332,1.0663726048846476,0.07162988287016717,0.18871760266034696,0.0530796285556308,0.09018013718470352,0.55
W40_raw_top5,MOT,T6W40,raw,,252,13,5,"nodes_T6W40, edges_T6W40, re_T6W40, pe_T6W40, l1_T6W40, l2_T6W40, l3_T6W40, lcc_T6W40, lsc_T6W40, atd_T6W40, density_T6W40, diameter_T6W40, asp_T6W40",400,681.4016472538672,308.12595154691854,-0.00400834536771491,0.03375853103878101,-0.007326686249681505,-0.0006900044857483145,7.795887814991083,0.5005646352887253,7.746684130996743,7.845091498985423,6.652203435620112,0.3984533109183996,6.613036923615885,6.691369947624338,0.07982100308493488,0.1893429434208177,0.061209280046885445,0.09843272612298432,0.4525
W40_raw_top5,COG,T6W40,raw,,252,13,5,"nodes_T6W40, edges_T6W40, re_T6W40, pe_T6W40, l1_T6W40, l2_T6W40, l3_T6W40, lcc_T6W40, lsc_T6W40, atd_T6W40, density_T6W40, diameter_T6W40, asp_T6W40",400,141.07441841415277,201.5477848020353,0.0012785405813920817,0.08189612489775494,-0.0067715507869400265,0.00932863194972419,2.1604417985939794,0.270213849433755,2.133880759477096,2.187002837710863,1.6893876260772078,0.18737388238310054,1.6709694545812275,1.7078057975731882,0.14144939295050019,0.19472958550576075,0.12230818257704347,0.16059060332395692,0.415
W40_raw_top5,MOT_V4,T6W40,raw,,252,13,5,"nodes_T6W40, edges_T6W40, re_T6W40, pe_T6W40, l1_T6W40, l2_T6W40, l3_T6W40, lcc_T6W40, lsc_T6W40, atd_T6W40, density_T6W40, diameter_T6W40, asp_T6W40",400,516.3831625377882,309.82842633685635,-0.005056077388868835,0.04824237451099507,-0.009798127432428985,-0.00031402734530868413,3.4662993048677624,0.2703978807432705,3.4397201761421448,3.49287843359338,2.8741712191824758,0.18189792019360415,2.8562913148634834,2.892051123501468,0.11694706487701861,0.1933044518949828,0.09794593995685003,0.1359481897971872,0.4575
W40_raw_top5,COG_V1,T6W40,raw,,252,13,5,"nodes_T6W40, edges_T6W40, re_T6W40, pe_T6W40, l1_T6W40, l2_T6W40, l3_T6W40, lcc_T6W40, lsc_T6W40, atd_T6W40, density_T6W40, diameter_T6W40, asp_T6W40",400,648.8359383557422,383.62350128198455,-0.020694170181081613,0.07291468698898262,-0.027861418852340017,-0.013526921509823207,1.3479737743814217,0.1184030407730508,1.3363351858926331,1.3596123628702104,1.040625994525714,0.08330791586352311,1.032437129237595,1.048814859813833,0.11212187511876116,0.19409398802397834,0.09304314166723718,0.13120060857028515,0.5025
W40_z_all,MOT,T6W40,z,,252,13,13,"z_nodes_T6W40, z_edges_T6W40, z_re_T6W40, z_pe_T6W40, z_l1_T6W40, z_l2_T6W40, z_l3_T6W40, z_lcc_T6W40, z_lsc_T6W40, z_atd_T6W40, z_density_T6W40, z_diameter_T6W40, z_asp_T6W40",400,977.7653704397576,112.20075192868677,-0.009150874870230459,0.01625321370397783,-0.010748506693584726,-0.007553243046876191,7.816197838862446,0.4807384331033215,7.768942998470643,7.863452679254249,6.700400449249826,0.3654364677430617,6.664479372906776,6.736321525592876,-0.05213642414175348,0.1807590658998797,-0.06990438322364023,-0.034368465059866724,0.75
W40_z_all,COG,T6W40,z,,252,13,13,"z_nodes_T6W40, z_edges_T6W40, z_re_T6W40, z_pe_T6W40, z_l1_T6W40, z_l2_T6W40, z_l3_T6W40, z_lcc_T6W40, z_lsc_T6W40, z_atd_T6W40, z_density_T6W40, z_diameter_T6W40, z_asp_T6W40",400,260.0449954555625,363.51311187467064,-0.016765515394423412,0.08201269918872478,-0.024827065591786532,-0.008703965197060291,2.1812627364170716,0.2829067174428192,2.1534540345160607,2.2090714383180825,1.6916760257583985,0.19976153651914183,1.6720401928924946,1.7113118586243024,0.10721523522953742,0.18711792477354597,0.0888222234361182,0.12560824702295664,0.545
W40_z_all,MOT_V4,T6W40,z,,252,13,13,"z_nodes_T6W40, z_edges_T6W40, z_re_T6W40, z_pe_T6W40, z_l1_T6W40, z_l2_T6W40, z_l3_T6W40, z_lcc_T6W40, z_lsc_T6W40, z_atd_T6W40, z_density_T6W40, z_diameter_T6W40, z_asp_T6W40",400,916.6603364126072,241.53044582035716,-0.013780396750853177,0.02285402885543272,-0.01602686470828611,-0.011533928793420245,3.482088583042958,0.26228139276152185,3.456307275580857,3.507869890505059,2.9059084053065414,0.17048624043556784,2.889150227623981,2.922666582989102,-0.02300876895372399,0.18614427578131398,-0.04130607459061947,-0.004711463316828514,0.77
W40_z_all,COG_V1,T6W40,z,,252,13,13,"z_nodes_T6W40, z_edges_T6W40, z_re_T6W40, z_pe_T6W40, z_l1_T6W40, z_l2_T6W40, z_l3_T6W40, z_lcc_T6W40, z_lsc_T6W40, z_atd_T6W40, z_density_T6W40, z_diameter_T6W40, z_asp_T6W40",400,778.1175132867522,398.71013300312757,-0.023174625558153864,0.06597769322502035,-0.02965999295980195,-0.01668925815650578,1.3492287840947206,0.10983932725447618,1.3384319775139626,1.3600255906754786,1.0482483344450164,0.08062427345946506,1.0403232614496287,1.056173407440404,0.010455745820729199,0.20094920380739517,-0.00929683042219713,0.030208322063655528,0.635
W40_z_top5,MOT,T6W40,z,,252,13,5,"z_nodes_T6W40, z_edges_T6W40, z_re_T6W40, z_pe_T6W40, z_l1_T6W40, z_l2_T6W40, z_l3_T6W40, z_lcc_T6W40, z_lsc_T6W40, z_atd_T6W40, z_density_T6W40, z_diameter_T6W40, z_asp_T6W40",400,889.6813412741808,248.96044734856702,-0.011758334134706297,0.021222687553435576,-0.013844447172411265,-0.009672221097001329,7.826032167419751,0.48252102594126933,7.778602104632066,7.873462230207435,6.708997729782028,0.36768998477287446,6.672855140906941,6.745140318657114,-0.06530014849308775,0.17526162931458045,-0.08252772954294281,-0.0480725674432327,0.7775
W40_z_top5,COG,T6W40,z,,252,13,5,"z_nodes_T6W40, z_edges_T6W40, z_re_T6W40, z_pe_T6W40, z_l1_T6W40, z_l2_T6W40, z_l3_T6W40, z_lcc_T6W40, z_lsc_T6W40, z_atd_T6W40, z_density_T6W40, z_diameter_T6W40, z_asp_T6W40",400,251.53213699467494,274.0598271624005,-0.00938224555290571,0.06830092001788361,-0.01609597770288903,-0.0026685134029223925,2.1737163010798883,0.27727924529334974,2.1464607592341616,2.200971842925615,1.6886937723428843,0.1933589541176393,1.6696872900523554,1.7077002546334132,0.09582907223058344,0.19637523912645152,0.07652610008849937,0.11513204437266751,0.5175
W40_z_top5,MOT_V4,T6W40,z,,252,13,5,"z_nodes_T6W40, z_edges_T6W40, z_re_T6W40, z_pe_T6W40, z_l1_T6W40, z_l2_T6W40, z_l3_T6W40, z_lcc_T6W40, z_lsc_T6W40, z_atd_T6W40, z_density_T6W40, z_diameter_T6W40, z_asp_T6W40",400,688.784911696965,381.14001016058023,-0.017172790685055377,0.027853963383220832,-0.019910734030788108,-0.014434847339322647,3.487748038583332,0.26327167402083257,3.461869390073315,3.513626687093349,2.9109479229087047,0.1729387085003876,2.8939486765305937,2.9279471692868158,-0.030344959148105134,0.1860873790736118,-0.048636672045464624,-0.012053246250745647,0.7575
W40_z_top5,COG_V1,T6W40,z,,252,13,5,"z_nodes_T6W40, z_edges_T6W40, z_re_T6W40, z_pe_T6W40, z_l1_T6W40, z_l2_T6W40, z_l3_T6W40, z_lcc_T6W40, z_lsc_T6W40, z_atd_T6W40, z_density_T6W40, z_diameter_T6W40, z_asp_T6W40",400,749.582760735348,362.14465209624694,-0.019032711348058992,0.049791645665274685,-0.0239270491141682,-0.014138373581949784,1.3468530788476172,0.10735488748112039,1.3363004836651347,1.3574056740300997,1.0449462188081815,0.07787986228948264,1.0372909114543087,1.0526015261620543,0.0038264063714658013,0.19895381044349764,-0.01573002995745125,0.02338284270038285,0.6425
W50_raw_all,MOT,T6W50,raw,,252,13,13,"nodes_T6W50, edges_T6W50, re_T6W50, pe_T6W50, l1_T6W50, l2_T6W50, l3_T6W50, lcc_T6W50, lsc_T6W50, atd_T6W50, density_T6W50, diameter_T6W50, asp_T6W50",400,993.6996826415764,57.08553982633685,-0.0017302605049038767,0.02626212130046602,-0.0043117315605724444,0.0008512105507646913,7.787197723849042,0.48910688600383984,7.739120294958151,7.835275152739933,6.6481630191075896,0.3835046796370244,6.610465903216999,6.6858601349981805,0.07196782426731675,0.1832604148308073,0.05395399167843335,0.08998165685620016,0.4775
W50_raw_all,COG,T6W50,raw,,252,13,13,"nodes_T6W50, edges_T6W50, re_T6W50, pe_T6W50, l1_T6W50, l2_T6W50, l3_T6W50, lcc_T6W50, lsc_T6W50, atd_T6W50, density_T6W50, diameter_T6W50, asp_T6W50",400,403.77767053930717,419.9608088770324,-0.020651625249229793,0.10572777374517668,-0.031044281066359293,-0.010258969432100293,2.183154778718824,0.2792315178778292,2.155707335574952,2.2106022218626964,1.7009289814336324,0.1949678540377673,1.6817643501296342,1.7200936127376305,0.12975512623100646,0.19310272019504804,0.11077383080360559,0.14873642165840734,0.48
W50_raw_all,MOT_V4,T6W50,raw,,252,13,13,"nodes_T6W50, edges_T6W50, re_T6W50, pe_T6W50, l1_T6W50, l2_T6W50, l3_T6W50, lcc_T6W50, lsc_T6W50, atd_T6W50, density_T6W50, diameter_T6W50, asp_T6W50",400,921.5301013638167,209.29190181316108,-0.004073295063159824,0.04251194882508521,-0.008252065093061159,0.00010547496674151013,3.46482811505912,0.2674915568168598,3.438534667410388,3.4911215627078516,2.8759412629955023,0.17786915744034795,2.8584573714097807,2.893425154581224,0.10816697617006049,0.19703966696571532,0.0887986931867075,0.1275352591534135,0.465
W50_raw_all,COG_V1,T6W50,raw,,252,13,13,"nodes_T6W50, edges_T6W50, re_T6W50, pe_T6W50, l1_T6W50, l2_T6W50, l3_T6W50, lcc_T6W50, lsc_T6W50, atd_T6W50, density_T6W50, diameter_T6W50, asp_T6W50",400,826.7141609183286,344.6138030076487,-0.026372644479466807,0.08942009044793373,-0.03516231431023216,-0.017582974648701455,1.3511375307565487,0.11891895546018323,1.33944822972947,1.3628268317836274,1.0443449037916384,0.08387619973402953,1.0361001782648764,1.0525896293184003,0.08925299494929993,0.18611726125206715,0.0709583447424261,0.10754764515617377,0.4975
W50_raw_top5,MOT,T6W50,raw,,252,13,5,"nodes_T6W50, edges_T6W50, re_T6W50, pe_T6W50, l1_T6W50, l2_T6W50, l3_T6W50, lcc_T6W50, lsc_T6W50, atd_T6W50, density_T6W50, diameter_T6W50, asp_T6W50",400,712.84387097847,306.76751173413743,-0.0043101791313855786,0.03152943184425894,-0.007409407665760865,-0.001210950597010293,7.79695158601055,0.49433112404697344,7.74836063351119,7.8455425385099105,6.654947801608555,0.38986003485681453,6.616625977402871,6.693269625814239,0.07051250526348031,0.18808626631386915,0.05202430901676633,0.08900070151019429,0.4625
W50_raw_top5,COG,T6W50,raw,,252,13,5,"nodes_T6W50, edges_T6W50, re_T6W50, pe_T6W50, l1_T6W50, l2_T6W50, l3_T6W50, lcc_T6W50, lsc_T6W50, atd_T6W50, density_T6W50, diameter_T6W50, asp_T6W50",400,123.67769078511496,194.87267422468543,0.00319939799203705,0.08518961088387766,-0.005174431076237638,0.011573227060311737,2.158517784487009,0.2734992138241996,2.131633805993514,2.185401762980504,1.6850052974441139,0.18983534389604076,1.6663451732293262,1.7036654216589016,0.14680172405402234,0.19266210382590107,0.12786373961397823,0.16573970849406644,0.425
W50_raw_top5,MOT_V4,T6W50,raw,,252,13,5,"nodes_T6W50, edges_T6W50, re_T6W50, pe_T6W50, l1_T6W50, l2_T6W50, l3_T6W50, lcc_T6W50, lsc_T6W50, atd_T6W50, density_T6W50, diameter_T6W50, asp_T6W50",400,553.2992775789123,319.97283929338585,-0.005949770891140274,0.04806095295094271,-0.01067398785485165,-0.0012255539274288975,3.4679109830177572,0.2712738235785262,3.4412457522956648,3.4945762137398497,2.8758193117047837,0.18212550593494983,2.857917036534738,2.8937215868748294,0.11753179117951915,0.19825176033841452,0.09804436382383645,0.13701921853520185,0.4775
W50_raw_top5,COG_V1,T6W50,raw,,252,13,5,"nodes_T6W50, edges_T6W50, re_T6W50, pe_T6W50, l1_T6W50, l2_T6W50, l3_T6W50, lcc_T6W50, lsc_T6W50, atd_T6W50, density_T6W50, diameter_T6W50, asp_T6W50",400,702.5987456005215,349.14278406547095,-0.017132114881067424,0.07239987313067586,-0.02424875922150765,-0.010015470540627198,1.345730559968922,0.11884821210890952,1.334048212756107,1.357412907181737,1.0379522836980974,0.08246901232727945,1.0298458795780057,1.0460586878181892,0.11353044515412297,0.1921198490784689,0.09464576238454486,0.13241512792370108,0.48
W50_z_all,MOT,T6W50,z,,252,13,13,"z_nodes_T6W50, z_edges_T6W50, z_re_T6W50, z_pe_T6W50, z_l1_T6W50, z_l2_T6W50, z_l3_T6W50, z_lcc_T6W50, z_lsc_T6W50, z_atd_T6W50, z_density_T6W50, z_diameter_T6W50, z_asp_T6W50",400,965.8389522354148,151.68170081309722,-0.008806853771354754,0.020592299819237176,-0.010831001986376005,-0.0067827055563335036,7.814944315393072,0.48665741645322097,7.767107660454686,7.862780970331459,6.692532942317859,0.37119762605519174,6.656045565055712,6.729020319580006,-0.04274301795114239,0.18334430810334762,-0.06076509694374735,-0.024720938958537428,0.71
W50_z_all,COG,T6W50,z,,252,13,13,"z_nodes_T6W50, z_edges_T6W50, z_re_T6W50, z_pe_T6W50, z_l1_T6W50, z_l2_T6W50, z_l3_T6W50, z_lcc_T6W50, z_lsc_T6W50, z_atd_T6W50, z_density_T6W50, z_diameter_T6W50, z_asp_T6W50",400,366.26605815107615,409.5927468203769,-0.028197477747548567,0.07761922090659765,-0.03582716500096822,-0.020567790494128914,2.193092809031687,0.27796000849244135,2.1657703506382027,2.2204152674251714,1.7059159977568101,0.19277124314229063,1.6869672853187085,1.7248647101949117,0.05391755910757416,0.18575508321806608,0.03565850968485161,0.07217660853029671,0.5775
W50_z_all,MOT_V4,T6W50,z,,252,13,13,"z_nodes_T6W50, z_edges_T6W50, z_re_T6W50, z_pe_T6W50, z_l1_T6W50, z_l2_T6W50, z_l3_T6W50, z_lcc_T6W50, z_lsc_T6W50, z_atd_T6W50, z_density_T6W50, z_diameter_T6W50, z_asp_T6W50",400,811.3155098555096,354.56098409705754,-0.018923205020164206,0.04071175854635166,-0.022925022889724853,-0.014921387150603557,3.4906263465270184,0.27054781592343535,3.4640324797182354,3.5172202133358015,2.90985462512979,0.17764768841975395,2.8923925031437077,2.927316747115872,-0.007354975027879834,0.18605191096544074,-0.025643201539139914,0.010933251483380247,0.7325
W50_z_all,COG_V1,T6W50,z,,252,13,13,"z_nodes_T6W50, z_edges_T6W50, z_re_T6W50, z_pe_T6W50, z_l1_T6W50, z_l2_T6W50, z_l3_T6W50, z_lcc_T6W50, z_lsc_T6W50, z_atd_T6W50, z_density_T6W50, z_diameter_T6W50, z_asp_T6W50",400,900.2468537781809,278.0364293641018,-0.016262000264443778,0.04285799557153961,-0.020474785431571076,-0.01204921509731648,1.3453215108204566,0.10864966666916148,1.3346416435505761,1.356001378090337,1.0419615588649789,0.07749563551566213,1.0343440196062301,1.0495790981237276,-0.02116384447946964,0.19790776856988027,-0.040617458694785655,-0.0017102302641536192,0.675
W50_z_top5,MOT,T6W50,z,,252,13,5,"z_nodes_T6W50, z_edges_T6W50, z_re_T6W50, z_pe_T6W50, z_l1_T6W50, z_l2_T6W50, z_l3_T6W50, z_lcc_T6W50, z_lsc_T6W50, z_atd_T6W50, z_density_T6W50, z_diameter_T6W50, z_asp_T6W50",400,805.374099312535,316.06701201986544,-0.011185392998346009,0.023539063861693688,-0.01349919740665243,-0.008871588590039588,7.823786234189617,0.4846525241598292,7.776146652875479,7.8714258155037555,6.698499992410818,0.37321369185157305,6.661814443209698,6.735185541611939,-0.04663725310794549,0.17982373118949999,-0.06431327218793435,-0.02896123402795663,0.7325
W50_z_top5,COG,T6W50,z,,252,13,5,"z_nodes_T6W50, z_edges_T6W50, z_re_T6W50, z_pe_T6W50, z_l1_T6W50, z_l2_T6W50, z_l3_T6W50, z_lcc_T6W50, z_lsc_T6W50, z_atd_T6W50, z_density_T6W50, z_diameter_T6W50, z_asp_T6W50",400,245.69674633262795,268.48874645631696,-0.016682514674424304,0.06381905037052564,-0.022955695330582605,-0.010409334018266003,2.1815162065430496,0.2755485041020437,2.154430790264831,2.208601622821268,1.697667222892191,0.19078670087700017,1.6789135837445517,1.7164208620398302,0.04125238447512254,0.1940843238814369,0.022174600973679248,0.06033016797656583,0.57
W50_z_top5,MOT_V4,T6W50,z,,252,13,5,"z_nodes_T6W50, z_edges_T6W50, z_re_T6W50, z_pe_T6W50, z_l1_T6W50, z_l2_T6W50, z_l3_T6W50, z_lcc_T6W50, z_lsc_T6W50, z_atd_T6W50, z_density_T6W50, z_diameter_T6W50, z_asp_T6W50",400,529.6818878167251,397.089226442452,-0.020461088393239492,0.03842813107719756,-0.024238433984033903,-0.01668374280244508,3.493086419631328,0.26702244380969525,3.466839084085879,3.5193337551767767,2.908388935342265,0.17679616828108838,2.891010514690364,2.9257673559941657,-0.012525868817390035,0.19144839774231773,-0.03134455036148704,0.0062928127267069724,0.72
W50_z_top5,COG_V1,T6W50,z,,252,13,5,"z_nodes_T6W50, z_edges_T6W50, z_re_T6W50, z_pe_T6W50, z_l1_T6W50, z_l2_T6W50, z_l3_T6W50, z_lcc_T6W50, z_lsc_T6W50, z_atd_T6W50, z_density_T6W50, z_diameter_T6W50, z_asp_T6W50",400,792.3974141476419,342.8162647154222,-0.01654338819337042,0.04324914874468287,-0.02079462229549614,-0.012292154091244699,1.3455085543665688,0.10893075513176667,1.334801057122628,1.3562160516105095,1.0429096123875408,0.07734956626734321,1.0353064312049103,1.0505127935701712,-0.013639584555939948,0.19907871156947032,-0.033208298211499045,0.00592912909961915,0.6875