r2,rmse,mae,rho
0.07373253802741309,2.1469545453126693,1.6840576349255216,0.25771412202609784
0.04629287173749408,1.9258810479751582,1.4818327526418495,0.15882326250930814
0.23410140575861715,1.3635359061578902,1.1630590065539377,0.45132699157053907
0.024133773508224765,1.994987500679291,1.5836527016535369,0.18129642914667787
0.01540180353006304,1.7625912008257518,1.5039405236798964,0.09675041537139077
-0.044904742632376315,2.070331724313184,1.56043225009558,0.07167569932654848
-0.09269439146096126,2.128947803026797,1.6502711251520266,-0.09455342869083586
0.09062083194512283,2.204616905825832,1.6755559859862794,0.32903225976811196
0.054706655475095456,2.4444232088968683,1.9127382610100943,0.28814225061447507
-0.08634761374592914,2.703765535216288,2.026373269800857,-0.11259434318748468
-0.01665603733784149,2.410951218006625,1.7858742721274257,0.17988096742247203
0.030714173487448093,2.041972007577849,1.6299283040761194,0.24319095085219256
0.028190562316184997,2.105934175224046,1.545733976867196,0.2797935344479093
0.01716716966313636,2.0107911912338916,1.5866977141965557,0.47037568191289136
0.04310473779220003,2.1273070154506857,1.7108599763298302,0.19293362501753822
-0.022862178488786356,2.3416894898615506,1.8806388505768925,0.012088349728717682
0.0814995495222729,2.1835242673088255,1.7025116494418517,0.3157337060779887
-0.005955667527520747,2.01187282692231,1.594751699095107,0.02322580268287666
0.07651015968394781,1.871916178177404,1.548176778914532,0.11684285753478775
0.027923015639734206,1.908133837087161,1.5731523714718267,0.1304593945605709
0.052422294952991444,1.8048957855346939,1.438234318921049,0.204561679363575
-0.016858884198630797,1.9380557549349962,1.5662406122848735,-0.05957212357078303
-0.09393970029127319,1.729783696262589,1.4467527277269725,-0.1420312277435886
-0.017821508348804027,2.220927647939632,1.7003712012926446,-0.004149647756863262
-0.04254601430177063,1.936671909992883,1.581165226420127,-0.05323486406292193
0.046658879092670746,1.6815431009415884,1.3546829915121232,0.3384884378487028
0.01812397784392572,2.3307236359032713,1.7518105415198781,0.1642568903758375
0.018282027538227608,2.0564384158775253,1.6105262911098803,0.19098402459726374
-0.0024729893914272605,2.0464226696029293,1.5854776754550952,-0.2763316244962191
0.09609375690065003,2.0336598053763533,1.6545793311774213,0.2241986375707009
0.08799628831031081,2.0572269939630314,1.5291787879503387,0.29162559933749743
0.007155174775214768,2.1570485829528994,1.7194425898917283,0.10741362187517708
0.009550429531161142,2.579115327525184,1.9874374880396852,0.1806963696390805
-0.03408327182003057,1.9128679737247019,1.5921933903879382,-0.016953292038525223
0.010267767658709515,2.0552204744687317,1.6138437199425222,-0.014559458398221193
0.05355821132656491,2.115655366725147,1.7576349919838985,0.28853758589384965
-0.09305832824240379,2.089441435458478,1.6902239962747208,-0.07593052166207274
-0.04491920143242112,2.422636775603651,1.8893487812113057,-0.0659793630863193
-0.14587971735715755,1.7506340901023862,1.4053066588461347,0.21575141131472073
0.014497150651204938,2.655483687178289,2.0182901937147824,0.27907296940667525
0.1307831259406288,1.7541312098070219,1.4588970958648657,0.22928340583638585
-0.13817657609404344,1.7447398754839059,1.4395845509147616,0.04790590494346311
-0.05834141853060215,2.191629946537956,1.7205088891257367,-0.20624349909310413
-0.08734252949007182,2.446468760641289,1.926519214214294,-0.005880724932139145
-0.14558163340362507,2.161121976595137,1.594940279249844,-0.004500176332479224
-0.07924299960304304,1.7050661990120861,1.4359294083008918,-0.022907347538687214
-0.04292098368833397,2.3814425343550445,1.8279950714871185,0.08079106790183964
0.025095575979811713,2.2495691973791563,1.7921147176325563,0.20260570225818453
-0.061895912380104834,2.3272940282472026,1.8678448069206355,0.038730045730723785
0.02868186964097863,2.8409239731195375,2.109292275646622,0.19004011377011537
-0.15411573745413554,2.444822810591345,1.8754289510161763,-0.12677710079936744
0.11532092389025572,2.1193035689047823,1.69563637729668,0.20739340433449047
0.00034649917772322514,2.1465950430712795,1.6235325525193618,0.1968993421473723
-0.026053495250196512,2.7551172210981276,2.1840036436508337,0.08964291530258729
0.09179166708502084,2.030238554417905,1.5507652031413275,0.5609407919965131
-0.07683210225513148,2.389376838890925,1.7155453261771603,0.07347768719089305
0.1010231820590417,2.0786231224165275,1.6688632757608972,0.46230444410497135
-0.11830173384141385,1.9386986802777753,1.5452296733015085,-0.02285907067250977
0.03913176481014624,2.022220465334082,1.6544004314532772,0.0854135829954355
0.10457981247773851,2.2626367769874696,1.746198776385778,0.4837106244892194
0.03902792098701524,1.7145782251722983,1.4054059589933772,0.13885276149840273
-0.1335499901274162,2.2473694584199375,1.7999176368066176,0.02665489058468463
-0.11949333697949371,2.4202205181255123,1.8194276841909796,-0.28904978750924243
0.11465487773259142,1.724992118064298,1.3429715895364462,0.39137499787781876
0.015928493341309635,2.13968728306084,1.7376318258267498,0.05224381832280221
-0.03307568890587742,2.3403279713259866,1.789697766420062,-0.12090459204299346
0.07492365791785927,2.062319481499921,1.5614458133101847,0.4024013575135567
-0.05370450730809884,2.519358409496524,2.009284324887726,-0.06450759614221048
0.018992458552653968,1.9558499261981923,1.4295059962807481,0.13258872714509132
0.014097967486993213,2.2541489299370316,1.8256432803047733,0.09568734855974054
-0.01945732404678724,1.8002357625746908,1.494891113356978,0.03191459042348898
0.03112788350141915,2.2438765277273327,1.6531185178058825,0.24344103241048126
-0.004382573850172156,2.0599436393292785,1.642451327614894,-0.0051979798338421986
-0.1437045528483849,2.422273184549805,1.9035533552670474,-0.17263048696974284
0.02222995527856353,2.2396727211956575,1.8635671615790925,0.041776577846677765
0.07989033573646909,2.110343230962873,1.6994269679255447,0.27349437584755
0.028925143287105604,2.597269710940028,1.798449223717412,0.1598073886090469
0.067969661439784,1.7965627201273215,1.4786399126842054,0.1697112822656028
-0.17803215269119854,2.2711775130552025,1.8532059656360877,-0.06190974048706438
-0.005143473317591463,1.7210177422974828,1.4292442083455237,-0.05411604463113349
-0.19830617726125466,2.021370931248649,1.5473439241452953,-0.19808326602508325
0.06499787518554678,1.5870401860696157,1.3139392908824203,0.3592288591294131
-0.11427838972176207,2.3407445104217866,1.7332009026142499,-0.008979916941333134
0.04700713780005972,2.432143613946831,1.8705769463950448,0.32868844719039036
-0.06751958776628464,1.857549086400299,1.466010052021999,0.005897261273905573
0.10971552181336686,2.209840433446703,1.6693598366003455,0.4593572896912718
-0.13036200940391662,1.8863454994280153,1.5596336906624821,-0.14773583062143408
0.062116840730765066,2.4617408689883193,1.8120941854148023,0.2587401678019073
0.03435947792709981,1.9256916053017572,1.5777257165463108,0.32683932017712164
0.027214822419240003,1.9242212987033414,1.593566013976642,0.20495425708901477
-0.01855136786784617,2.0098633329754527,1.60831285757401,0.010060033937838917
0.04105491504001313,2.309804310640496,1.7834717570669478,0.16054635288186084
0.039982334730227276,2.1516670256614354,1.6152416114621788,0.3570533845278055
0.022838115721905528,2.581990027174745,2.0177010299468856,0.09453560541856885
0.024687221209138688,2.2407233055950884,1.7028568936704989,0.09440448646863922
-0.009448184671151827,2.1281629242404914,1.6438725730056467,0.027285132244819908
-0.11272456044490031,2.175779747271852,1.651442566699785,-0.09914542955425437
0.021532328667059786,2.636123456669083,1.958474768106529,0.5757508285077821
-0.08644863477368192,2.1289026641314144,1.6199876430979896,-0.23148692753702613
0.009049369159860321,2.395929323463554,1.8825605305698192,0.23974748298842932
0.038780004239537647,2.114698100722463,1.6267270498098765,0.16356528241636029
0.01609204048967705,2.166214235616527,1.7306501941209371,0.018999293035327547
0.06506903498392347,2.0192038404312034,1.54405762057605,0.19669100837085055
0.13743971977846625,1.857482468527263,1.4625133248847615,0.448112998391507
-0.09619213641539837,2.5531893236636933,1.875892858210925,0.025549312071521942
0.09026229896737314,1.9425569199185646,1.5730919032414312,0.48516298357326315
0.010677575451672472,1.6324900822041246,1.342517832989162,0.06178042214979279
-0.027476196366309713,2.3300662094804965,1.7596649664462025,0.24453004594091762
0.040275171737798376,2.474226153443247,1.898620563197556,0.25287117208198323
-0.007534093196100988,2.01382068929168,1.6162049985104217,-0.08508266011071418
0.037965497052122044,1.9135590528244188,1.5896124208299938,0.2199313311137529
-0.08393462411981645,2.0718217224601907,1.5605499076625418,-0.14188116829572817
-0.09226615232009006,1.7940541900996834,1.5138272364937617,-0.052728453743155705
0.11037105562661698,1.8554530693141162,1.4267434939817047,0.4093009077872518
0.09023869025890308,2.394391616313793,1.9140449173843463,0.30808022737189056
0.05468655319190885,1.827392049514763,1.5088546573823376,0.2313807805702951
-0.13926605766526223,2.2738766863637303,1.8725254082798133,-0.10426881412972466
0.0009642757125876145,2.3412380724957402,1.785333088379692,0.09338340743858874
-0.05190978198064489,2.1806831802765165,1.6755334548171226,0.005219104319894307
0.02315944179556051,2.0876330427591454,1.6665494314008318,0.0818268508236581
-0.004485366525853296,2.6178400550590655,1.9736585713068222,0.012082027920704716
0.045265241115060695,2.315732110227866,1.825100022964038,0.30531717600532654
0.08762149709252975,2.247926432709074,1.7641661402890265,0.13817667662056396
0.1535090280474981,2.0718495909678043,1.6142929681341551,0.3550165338274349
0.03368100519535855,2.3926995641799467,1.930715488100805,0.17401153086550078
0.015700839610513384,2.6535871500266066,2.003063571740367,0.17831350057921896
0.04718665430728297,2.0604308868982035,1.5967955306800619,0.24474035900483165
-0.04816934414311502,2.2236664238604074,1.7636494634443025,-0.12933068842223835
0.05509089859816685,2.5848516102845203,1.8806268181307,0.22553406779578986
0.10735235745652583,1.9595839978298766,1.611984971449011,0.43663829812098215
0.08619624421659433,2.02750218750104,1.579182018211908,0.32604006125455687
-0.058819452432971486,2.454063408095604,1.9002591870803724,0.06321582955390802
-0.09064773072145238,2.205893650791761,1.6463365824700722,0.06327106401578117
-0.021014997561908277,2.6883368418681757,1.9660162164119444,0.06397373625164196
0.10742264675718671,2.1717273909554637,1.6785243370865761,0.5133942354229901
-0.11718181608716871,2.232565708104532,1.8341587713879421,0.001035782921818457
0.07283611778877308,2.2820502501727806,1.7491110894624096,0.3315661639876849
-0.11594620688260848,1.994190679954666,1.6796635120460084,0.057433601599901775
0.08358256065409397,2.1061047718406902,1.6938737306749454,0.3171154728441943
-0.008542096214517736,2.074658290669981,1.7332012289315164,0.07288819691734748
0.06748223139643406,2.6916436875428444,2.1053537415536163,0.20590553161662228
-0.04637254059740603,2.482366535296425,1.9547696519586713,-0.10317908135775816
0.06534758789333772,2.2350420501390134,1.7769266190922364,0.2789175134415429
0.02337986828982519,2.2153240467880346,1.703183707490052,0.24279685934033068
0.034762557044569986,1.9966476863309437,1.5317738269331007,0.3156377310251911
-0.006288743939546926,1.9932521735047566,1.6544226681743732,0.013161283114475321
-0.13278120529318138,2.903821962465532,2.3117506404360557,-0.1713390790094993
-0.013411825151925516,2.1685872257014993,1.687643451700367,0.17846397429524885
0.09166483487527144,2.478579347982619,1.8670830026243643,0.4185826946052196
-0.07868948679799703,2.2312702351227207,1.7598154490881843,0.14745214455417155
0.05134437093092792,2.2162307084038915,1.7413842478213666,0.16512112856157396
-0.0614391855018217,2.3122392469761768,1.7987823869051467,0.11535739455404871
0.03604990195260005,2.132461443658033,1.628862480291724,0.036533730239260154
0.043498586000821016,1.8262038393115028,1.4937866006735983,0.3152480330097615
-0.03946361180496516,2.3544199654277653,1.6925576139731446,-0.11932239416529562
0.08169851098520442,1.606979567174168,1.3604706685842574,0.1886170344163766
0.00325984243960753,2.4032249034647633,1.8736681199884542,0.0027630513665640416
-0.08367387091753642,2.027774408466674,1.5938194347053118,-0.2621163213540046
0.009099058334495203,2.108521228097195,1.6764574113931803,0.08847940946844483
-0.0036178462177842707,2.047590876858128,1.5872362386166214,0.016005253247675873
-0.05642928123993918,2.19855243085886,1.7407413375483805,-0.015218036767770015
0.01850832232652555,2.693277962981664,2.0759553707512546,0.23763636730963614
-0.05053342948420414,2.4545929976651477,1.9309929013396692,-0.10662988675433868
-0.15458144027404708,2.5056862476510795,1.9794063745024553,-0.22787224280006058
0.008174928281643012,2.0573922613402797,1.6035979949016879,0.04749156667991199
0.0024899131126893126,2.1770733840071017,1.6655560291124294,0.10954259175804516
0.01559509672255377,2.3684088507595344,1.7602837357333532,0.21185812841593302
0.031725933332921064,2.104823879194628,1.6394588855536065,0.15396357055395357
0.08239801046067219,2.189596916193414,1.7421815918611685,0.2748277352558306
0.05290041678205826,2.3206848349974694,1.7912403906826602,0.3157337060779887
0.07520619492856839,2.2622623203059526,1.7815783033990689,0.3862123906880595
-0.09112467188488504,1.9962934643939314,1.619729172049013,-0.06486987401296129
0.07449694288641417,1.866268536529321,1.5202972740996625,0.23242092518048751
-0.07227499750711242,1.9757661868116456,1.6134975330446957,0.16989020828500295
-0.00030318169510423765,1.7310315796605016,1.4577700692066917,0.2017642857837826
0.05170269220415713,1.5819630515006629,1.245305528810649,0.3373311071563266
-0.21038906484050846,2.5770186668531974,2.034685724883831,-0.145009609054584
0.023895418173114025,1.7549722569987896,1.4460061929242394,0.12414569427583474
0.03848813615781144,2.2480272917569675,1.71482906644479,0.4455420328584517
-0.15785969357798968,2.1825043320752435,1.7776702260238202,0.12870662527206903
-0.0658954116130186,1.9420684637816703,1.586317644451035,-0.15327159945034027
0.015786188958744396,1.963497578075499,1.5068909254866167,0.18960008239003717
-0.20356202158519277,2.2549659641507387,1.6186333900256913,-0.14007274315743098
0.09672877269623237,2.0404899720057013,1.5519624361835593,0.2925757830499687
-0.2703320297563565,2.3186980945666353,1.7995803825369592,-0.03410418703469541
0.04449266983293576,2.1294176201834722,1.653654968485022,0.26050850335983444
0.043676294588149034,2.309097023011884,1.7262191141930072,0.16806073415296213
0.01761476066972567,2.0698139318174555,1.6233993674064722,0.17497681374773424
-0.15817655128247798,2.0395688815663067,1.5971707599439557,0.007631749883877799
0.10069249542138103,1.8783110812541874,1.4563348947231076,0.42267040784285637
0.029196513695285975,2.439507676361711,1.9126565850888801,0.6140404901203681
0.08020751651095137,1.7035975540476136,1.3821869032146596,0.3752112882861821
0.05944405857700896,2.2492146568315596,1.7690926872578987,0.14367867106133014
0.08729474860943909,2.1200632812228304,1.6376048513891133,0.3074818952195762
-0.07449124738876445,3.1038464994812744,2.3654472901359953,-0.19686963322222056
-0.011615414449073436,1.9819788923639823,1.515247904829081,0.27926313613477893
0.03308987155994936,1.876184369958185,1.4992646583246838,0.33284612235429145
0.029433145605849642,2.6977426968062614,2.0989550202508056,0.11631240005529585
-0.0739434244288315,1.944490528999249,1.5523924055339842,-0.03064045307056146
0.026377013000224214,2.3933149682862966,1.8357500900735155,0.1820160087724062
0.0029090462509500092,2.1864198198989935,1.745930069152293,0.08454473221622323
0.12287277262918295,1.9729613409362765,1.5079018958634232,0.3405573664237402
-0.22386054425998814,2.0102020618754923,1.6649150079550112,-0.1339667877438046
-0.05794382294484013,1.9299516728354507,1.6412695138742033,-0.007977243779415373
0.05193279719782673,2.029542671045536,1.6278443697374019,0.5803420418063687
-0.03673279882851577,2.6824959376994877,2.0470095756400806,0.10561303981282057
0.0004416938999630693,2.223636799207711,1.7519480381060648,-0.010712432159680763
-0.14374244017452487,2.4282430897607306,1.9493293447602578,-0.005526102733128083
-0.18486602952931608,2.3478567788409195,1.834164314630185,-0.2293732831901362
0.03534674873105026,2.4049196456556987,1.7166641154851139,0.47387570548496116
0.09642708702386504,2.479901151817506,1.8587811934817782,0.2821267116769259
-0.03374963035763168,1.8208072526234436,1.4670481873165249,-0.10898252058051974
0.02951120127583562,2.4663297840795133,1.8576745929231633,0.5989555146227573
-0.008025933596495838,2.1009144118797005,1.6503485488475866,-0.09603151948605526
0.09799662502847872,2.0047407442849527,1.5716159350370422,0.31706451790292317
0.023284144413049268,2.1411436589612003,1.6452709927512865,0.09620082675819289
0.09505549816140069,2.207436994983827,1.7160528887753732,0.20930114101722613
0.0668050485668703,2.546379459816401,1.960748012718835,0.2323606354612739
0.03334511099894666,2.11086812749342,1.593075682687569,0.3695329202977093
0.11273977602876373,2.073912259971898,1.6065807174203002,0.5034782828102624
0.03375495988134336,1.9340698382011021,1.6055770876820505,0.21912478751169537
-0.24625992777805616,2.3580153945332807,1.8000336335191602,-0.3165505309473627
-0.043070476373856525,2.2123308115894638,1.5508687574439577,0.11058255307220383
0.0151536860679099,1.6229685233530264,1.303915879423303,0.31506000258438144
0.05470125373378332,1.9872089714562946,1.5417117989545706,0.254141883005933
0.08424591886823851,1.9409599663993162,1.5624704692801241,0.27461639076384986
-0.027344485634597016,2.271791864143109,1.7446110637084709,0.018375879671643176
0.018001970439439297,1.8440923535132145,1.417794382960119,0.23281327679807373
0.05458667332558831,1.8503045582105007,1.40828212447809,0.48720267192422007
-0.0026364368394817816,1.8565919177715253,1.4852730962028913,0.0683027980247869
-0.2242397147219053,2.0795867672256394,1.7639400155045584,-0.14949193222855872
0.04881009868167274,2.1733813601336442,1.7206682977805743,0.40485766249825245
0.06958202589530482,2.1120549508696675,1.7069565694157793,0.3357633650872866
0.01134136786586415,1.9634621616459427,1.6273375021436558,0.2881199246629336
0.08547931904352668,1.8555271396632709,1.4631246311337507,0.37846541469594
-0.09556482312722037,1.9544541331901022,1.6203839430419424,-0.18963328440104207
0.09272078436173137,2.411523384004092,1.8323920203940818,0.34832582842852605
-0.1273556733409349,2.6906178702351427,2.0829125072654886,-0.28247272656981803
-0.01411353069209409,2.0524306538903327,1.6814376817748027,0.048707278508748786
0.061943101531037104,2.0864044588296315,1.6353974562882079,0.35493884233552575
0.10799109485933611,1.8650219607630332,1.410400799350336,0.5042547654415678
0.01642476041262786,2.1213894548148438,1.63694475516784,0.1798180694640747
0.020422923171436125,2.0895151515995276,1.5776108016901995,0.24616744465786145
0.0778947269763739,2.2492893215718217,1.8360484894068574,0.25251787652408064
-0.09023061501595375,2.1611510264216287,1.6373792478284057,-0.09990654393440027
-0.026224293756702988,2.089862574803697,1.6569385117242243,-0.20906897060378934
-0.07139205851408903,2.3325865398302246,1.8518911071580524,0.06736112985252492
-0.006102542820905166,2.512360239011764,1.9975073330077249,0.10417804296763403
-0.12110490601556023,2.197583895954677,1.662722974083795,-0.23776954427966934
0.07712638789737869,2.2767642567900017,1.6111068601153542,0.25260464908288444
0.010227913921011633,2.4263938098134856,1.912414241360395,0.1317974234791185
0.04956734941357355,2.4184326145876147,1.8939696670192527,0.21575049858401277
0.03569133594646645,1.8978652663281634,1.4924752027563253,0.4188313706291501
0.03572826211816804,2.4209980615111815,1.8028062400972973,0.47720949203927515
0.0965326893091315,1.7673079455447043,1.3799694510095317,0.23995984931740766
0.10482391339588337,2.006730715551626,1.5813025771903484,0.48059063566239135
-0.12535352772051378,2.4700635664555057,1.7712933374100854,-0.106853429739229
-0.024588926488661844,2.2286388740489356,1.7450866337989888,0.09684352762255184
-0.0886280939830204,2.0000562808108624,1.5487175587430226,-0.1823207109083078
-0.005624386495638234,2.2035333371500423,1.6379488891689498,0.060013305905039054
0.1431768882114316,2.3810673912433487,1.7949712989391293,0.4236113800140881
0.03942456545009454,2.353193244176798,1.7306373735878013,0.2625570719702124
0.06883617446611212,2.4866490881517542,1.8667415130294072,0.28563408726408784
0.04028621840432345,1.9837828466139005,1.5965992476768576,0.2116195784985374
-0.14200007593683273,1.7476679885961177,1.4491014442765051,-0.15945323105269474
-0.0007612485685315473,2.369332744612313,1.8616695420699483,0.1544124361234802
0.06941368790678704,2.2910701383229455,1.7664850397782281,0.41204003503886266
-0.04784054921036529,2.241371100079236,1.7814830607685646,-0.06937954439888908
-0.04425536426691412,2.111071380983262,1.6499070832094445,-0.01348399724926484
-0.009329866477883364,2.4047335509343672,1.8457675348870093,0.09701833367699549
0.009093248942468546,2.2314688005667946,1.7500812963276475,0.21634997953028948
0.012432908354965688,1.9597706528412613,1.5746306654679534,0.22716479122430913
-0.1359275082960818,1.9901313986286162,1.6474082471170581,-0.029067875711108637
0.1287216915751469,1.865464483915508,1.4899056590201727,0.40231077035751917
0.057601726670737485,2.403553349760038,1.9272826169258022,0.20701227463920185
0.00031095535920966366,2.3366300877298305,1.8728269858529398,0.13672334568003633
-0.06271542019505172,1.533560592106625,1.2561483415372439,0.14067127082660094
-0.006947670114218152,2.366595449822488,1.899436769018064,0.13556944002079527
0.02075343261526219,2.653600201550797,2.06293225834117,0.054570264489639815
-0.051049901115643115,1.791402460365614,1.4556315931569987,-0.11662195802882758
-0.03554351001652445,2.0740029957120325,1.728795722689245,-0.038505647141383444
0.011062688436606738,2.171743597929666,1.7012535291849926,0.054224883068819306
-0.04623560106541236,2.7016450978342075,2.057399578740453,-0.1869360102784075
-0.021774240176535287,2.141116666040595,1.5453532653485917,0.13071144596621656
-0.057135853116112356,2.0548207149846514,1.6536579840910477,-0.137645740181931
-0.004979408234526472,2.374320804790526,1.8472078800402576,0.005532863675817684
0.00548421129409149,2.2888560498932105,1.7764009957074347,0.058095068596085674
0.07082216808192587,1.970540195350491,1.5391551883420254,0.3639768005005823
0.005558661668725984,1.9360472335749621,1.5494772022161014,0.06261242427748148
0.019182876059823828,2.1725145985092453,1.6807552071201557,0.13562633630820178
0.10322054076113496,2.3830990417734945,1.841141763651793,0.27443463419886427
0.01087336307582809,1.9312456497412613,1.5381547393197257,0.050460276735008504
-0.029780680299557938,2.047496823654754,1.5817984186107255,-0.0852918188532872
-0.042329359195766525,2.1280464858859798,1.566708376755877,0.12663071196122921
-0.024015937500792894,2.2959880955839584,1.697980411861362,0.12448943270589787
0.0874755123823171,2.0913244790676253,1.5988409112229387,0.41483667661615803
-0.00031212374455868996,2.0928604637047123,1.676315469329044,0.1529523936227383
-0.10989394309078127,2.7290023877484897,2.1141088075452714,0.06701568816097352
0.0513740852125667,2.2690705554117367,1.802129068031896,0.25666317682269757
0.10250740695312943,2.033952531233392,1.5413145206276828,0.4184111020631662
0.07563574610510482,1.9289123521303913,1.5549923680866806,0.367179617403058
0.030290399551050395,2.2903928530633393,1.8139082190052753,0.21647863066005754
0.0016075634432216601,2.5515147665762443,2.0238603718244184,0.13864995596295174
0.11833727187985887,1.8503016951007099,1.550219883009994,0.2469908094592581
-0.019201618688776678,2.0299087716247186,1.5222864629976287,0.12386674252549155
0.05330414027340269,2.035999872411503,1.6267877064578198,0.2901802920036146
-0.19889389890256748,1.7906728137934462,1.4542611856227181,-0.1335770488204592
0.02253122163644594,2.2054950773277318,1.6504785021732962,0.08910568067193012
0.04898309213348728,2.2142271027597533,1.7416250704663707,0.3243697483667739
0.06514650642048181,1.768270537492005,1.429538643159904,0.23860474601963758
-0.007797446938726749,2.3704257031324762,1.807986029020933,0.00863001994336051
-0.04838001695705807,2.115236480449999,1.7122459808036097,0.048707278508748786
-0.08395190156658328,1.8019559559730536,1.4448862900446509,-0.05105300818792419
0.06282808936688622,1.821409649058117,1.4206810899826554,0.39618533066382267
-0.09247548322678822,2.325040717144772,1.8196169230879158,-0.25462292794392294
-0.07237772744585436,2.110942551612009,1.69884293098697,-0.12211152359088931
0.029225471240756584,2.2371094359223567,1.6917398338022285,0.047746006149315935
0.010378633330400455,1.7884915986609724,1.4413453621253347,0.27646045156847504
0.0877159818050044,2.0174712476324976,1.5960880060180922,0.30217983579121716
-0.2123280290622671,1.9558347262272175,1.5907911607091165,-0.14183125407490618
0.028944335431048906,2.1576859347458233,1.5563229214355063,0.3002628965351046
0.025777379205059736,2.075480771834456,1.6327038977099302,0.09292381502732926
0.1770049215546311,1.6795320198956942,1.292825901594429,0.5895152330283062
0.07176629437428872,2.6764906929341117,1.9729048418146,0.448871615509336
-0.04778209580285986,2.4699586541229803,1.9457494155666655,-0.2844950425261362
0.02294328425626746,2.428677427890097,1.8063068224701673,0.16872283737541646
0.059700789324926395,2.312338325016841,1.7724986457412917,0.22833695811548194
0.10235724580585215,1.7914997092975202,1.4714082333813925,0.18187045621624393
-0.051197453864849196,1.9842694813293897,1.6220208139082064,-0.11411531331373972
-0.004115766537816645,2.205923725787217,1.7286178724726358,0.17670583364642725
0.08615270075349624,2.4079168814129104,1.8562242864608391,0.3148231275337915
0.018167755565173138,2.304349722047328,1.6743388984693934,0.3255154212437021
0.016788712334141587,1.8305909766089792,1.4520056682485816,0.186336060936519
0.0508234492016475,2.0701052030825027,1.6841022095064595,0.07037071559140244
-0.49877714293447184,2.080876493805418,1.7371209043289855,-0.24341951808792284
0.06473349648628735,1.9431042875566125,1.5298013313553733,0.4846409194074671
0.02537167494358039,2.2633085821547647,1.7593643558913181,0.07627723637285848
0.01303329590664326,2.023330869656076,1.5108924616146782,0.30548030807808507
0.06108862871322496,1.732472441164522,1.4348896628547938,0.228952496516334
0.1157718206253473,2.020485378671785,1.6777202634361446,0.39553073682636436
0.07927660355678023,2.000060877532704,1.6364094115605754,0.37307702687552274
0.11685522574449148,2.185474267337072,1.589821726129275,0.5504861889613156
0.020733241136212333,2.1067914094978866,1.7781061700729845,0.29984338826662377
-0.021848283461736617,2.058774908173479,1.5854775644316939,-0.05671426694285147
0.02679774739366203,1.952482702990148,1.5441665657691983,0.07023506701674735
-0.02697876327402704,2.0361471059196585,1.5816279688521522,0.0006917289439895462
-0.022988000023911326,2.056982065802668,1.6036038727568522,-0.0839049600101443
-0.12043434262946717,2.157339075057177,1.5733911351268053,0.02123940496936647
0.09554291097624412,2.5502540509670952,1.8732600219867293,0.5764415913494231
0.1325976941286373,1.9240211729661432,1.5526854403290977,0.4166778332062351
-0.08672303378412916,2.6169226597251254,2.0552615652538364,-0.21429501512765153
-0.021997642011802432,1.69528475792427,1.3910085571325992,-0.07099238933752922
-0.06178046328656661,2.5127949096585485,1.8789185368173973,-0.1221797911560081
-0.049283770661871396,2.939041471098403,2.2156115186529926,-0.0959658217701689
0.02058515384359494,2.0810041724185737,1.6630824130499846,0.1357585847797041
0.02506007934964527,2.1964111510913025,1.5429659028269957,0.27414766040638744
0.044061213500893204,2.3037268062483323,1.7162671224534276,0.44051673547906306
-0.00736897357998112,2.097389618089868,1.5869793131632381,-0.007975840693698881
0.08525301702475163,2.249639588598776,1.6885519168781433,0.4150760603140847
-0.07473299792008503,2.2908661013427567,1.8538985468800755,0.024902241983623657
0.09593812024321735,2.047923632731192,1.56015277884491,0.1823530000630652
-0.15545097433848398,1.8139185432811322,1.5223207804323948,-0.045612492639131266
0.02571152752429795,2.181188484879617,1.7325544490779201,0.20702799324843146
-0.050101956079161125,2.715799730599015,1.9967579672115403,0.11450692880522381
0.084988050422237,1.9233567712519561,1.4953356927206167,0.4287807498873802
0.03248745123368335,2.1749069808282466,1.6779172193704328,0.25079562210593415
0.01302047903697301,2.5850632817748838,2.0180896109156383,0.2333964183830923
0.02464487999784848,2.3008160165779996,1.7886558373561374,0.2610172962982512
-0.013684560740582441,2.1799131317130387,1.7039713193452295,0.041273565641323014
0.0846444975858921,1.889270978165975,1.5246527602647286,0.1923679668044903
-0.008883624044382588,2.2098044097607947,1.7588719391840943,0.0663943641098122
-0.02791451142745882,2.6181655513569244,2.018886492552777,0.06939745576183663
-0.06462737884084357,2.6985743002709652,2.031066983698108,-0.029017102090318433
-0.010808857020977891,2.6645049200809345,2.0324806121772094,0.21211373860003807
-0.2765588437474029,2.516308288150197,1.9024486978660977,-0.12548866524181124
-0.059882766118735775,2.8335635365249416,2.241750853998117,-0.1480395515133052
-0.11629156149582354,1.5553720314446535,1.229545008734519,-0.033711319614555695
0.029689384480348746,2.4202784884065176,1.9022348664240265,0.09770885562487444
0.0432518530320255,1.943568061847035,1.5662943848212991,0.20599112516872312
0.055455399014489926,2.086587548756466,1.7000488419371558,0.30622170620719574
0.09566913603388372,2.211532989511665,1.7644678082618286,0.20017201751216673
-0.011695819084194925,2.001593192242456,1.468944899798736,0.20080678477018143
0.025240950943681062,2.5902507975426228,1.9404468564358952,0.1873461085484777
0.060415009937925146,1.993782151000264,1.5750170151663139,0.3181517979188485
0.01563816203076629,2.051057365460541,1.5917327583417478,0.05270063603942949
0.08465081694092891,2.0711551717484284,1.56084094360128,0.36501475715600223
-0.024483118693286343,2.8532975093658135,2.1028773668795853,0.028301533544612047
-0.03589712142126111,2.185162252228216,1.775958549774342,0.07632929400133164
-0.03090558464395654,2.1488892515063442,1.6306249364136263,-0.005244234347791615
-0.03330114254364891,2.1838228399655737,1.7468710167488728,-0.040402578250206246
-0.027390578452658243,1.863534955989757,1.4716255425179412,-0.018788775551619508
0.05724182220815155,1.9792592158473632,1.5885713579719947,0.32289914874186104
0.10035387106991711,1.8316771710441146,1.4935877750016278,0.22444282613040617
0.11087600045826485,2.1087757751589775,1.6189663418289622,0.622352905860368
0.0796017283572098,2.21055476347376,1.7925827352001873,0.24180918408598692
-0.048722958457607435,2.180581279267517,1.6860029310992997,-0.03774548013192384
0.011382190435432316,2.4186379481126763,1.9484178183415741,0.09527542017470006
-0.0861368678976644,1.7890134139640803,1.5070350411961542,-0.07284852161883354
0.039154239481574704,1.7525922003788763,1.4193224158856583,0.2657236550477452
-0.03289793654039097,2.4464263326186724,1.8263762663588035,-0.10206573778295798
